Date;TMin;TMax;TAvg;AvgWind;AvgCloud;DayLength;AvgLoadPrevDay;AvgTempPrevDay;LoadLastHourPrevDay;MinTempDiff;MaxTempDiff;AvgTempDiff;AvgWindDiff;AvgCloudDiff;DayLengthDiff;TimeDistance;TemperatureHourlySqrDeviationStartDay;TemperatureHourlySqrDeviationMiddleDay;TemperatureHourlySqrDeviationEndDay;WindHourlySqrDeviationStartDay;WindHourlySqrDeviationMiddleDay;WindHourlySqrDeviationEndDay;InertiaAvgLoadDiffPerc;InertiaAvgTempDiffPerc;InertiaLoadLastHourDiffPerc;CoefficientWeather;CoefficientInertia; CoefficientDayLength;CoefficientDateProximity;CalculatedCoeficient;AbandonedByCoef;AbandonedByLoad;Chosen
2016-12-25;-1,70;2,50;0,30;1,70;0;529;5257;-3,50;5078;2,30;6,50;0,77;0,18;100;3;0,02;1,85;2,31;3,54;0,93;1,15;0,87;2,49;0,46;6,75;3,65;3,56;0,10;0,02;1,95;False;False;True
2016-12-18;-5,70;-3,10;-3,80;2,00;0;528;4978;-0,63;5009;1,70;12,10;4,87;0,13;100;4;0,04;0,53;5,34;2,78;0,76;1,06;1,12;0,64;0,79;5,30;4,89;2,25;0,13;0,04;1,85;False;False;True
2016-12-04;-2,60;6,50;1,30;1,40;0;539;4652;5,17;4626;1,40;2,50;0,23;0,48;0;7;0,08;1,89;1,71;1,58;0,53;0,68;0,50;8,36;4,46;2,75;1,52;5,64;0,23;0,08;2,13;False;False;True
2016-11-13;1,30;3,50;2,50;4,60;0;579;4051;8,83;4212;5,30;5,50;1,43;2,73;89;47;0,13;5,30;2,83;3,54;5,62;3,36;0,50;16,28;9,83;11,46;7,55;13,36;1,57;0,13;6,15;False;False;False
2016-01-24;-4,00;-0,90;-1,90;1,30;0;568;5076;-3,29;5127;0,00;9,90;2,97;0,58;89;36;0,94;0,76;3,40;0,50;0,65;0,58;0,87;1,61;1,46;7,78;4,09;3,65;1,20;0,94;2,54;False;False;False
2016-01-17;-3,60;0,20;-2,20;3,60;0;554;4627;5,17;4771;0,40;8,80;3,27;1,73;100;22;0,96;2,75;4,60;2,87;2,30;2,45;1,80;7,21;3,67;0,29;6,18;4,27;0,73;0,96;3,12;False;False;False
2015-12-20;3,10;5,70;4,40;1,70;0;527;4877;2,92;4475;7,10;3,30;3,33;0,18;100;5;1,03;6,45;4,40;6,00;0,76;0,86;0,50;9,86;5,71;5,93;4,57;7,11;0,17;1,03;3,52;False;False;False
2015-12-13;-1,40;2,60;1,00;1,50;0;530;4658;4,58;4619;2,60;6,40;0,07;0,38;88;2;1,05;3,74;1,88;2,87;1,00;0,77;1,22;8,48;4,88;2,90;3,69;5,78;0,07;1,05;2,89;False;False;False
2015-12-06;4,00;7,80;5,40;1,60;0;538;4299;7,83;4341;8,00;1,20;4,33;0,28;100;6;1,07;8,44;4,28;4,00;0,65;0,52;0,50;12,37;7,92;8,75;4,61;10,35;0,20;1,07;4,52;False;False;False
2015-11-22;0,40;4,50;2,50;2,20;0;560;4104;12,42;3961;4,40;4,50;1,43;0,33;83;28;1,11;5,32;2,49;3,77;1,51;1,10;0,71;20,64;13,08;16,73;3,98;17,55;0,93;1,11;6,72;False;False;False
2015-03-08;1,60;6,10;3,80;2,20;0;690;4674;3,17;4708;5,60;2,90;2,73;0,33;61;158;1,82;5,30;3,70;5,52;0,85;1,24;1,12;6,71;5,00;1,03;3,85;4,49;5,27;1,82;3,80;False;False;False
2015-02-08;-1,50;1,00;-0,60;4,20;0;607;4833;3,00;4798;2,50;8,00;1,67;2,33;100;75;1,90;2,33;2,72;0,00;1,85;3,54;2,12;4,74;2,67;0,86;6,52;3,02;2,50;1,90;3,43;False;False;False
2015-02-01;-6,20;0,30;-2,10;1,40;0;588;4665;9,00;4522;2,20;8,70;3,17;0,48;100;56;1,92;7,30;3,92;3,77;2,59;1,91;0,00;9,86;6,25;4,94;5,31;7,55;1,87;1,92;4,40;False;False;False
2015-01-25;0,60;2,00;1,30;3,50;0;571;4543;6,25;4614;4,60;7,00;0,23;1,63;100;39;1,94;5,30;2,73;1,80;2,04;2,27;2,00;9,03;6,62;3,01;5,94;6,67;1,30;1,94;4,17;False;False;False
2015-01-04;1,60;5,30;2,90;3,70;0;534;4808;-2,42;4877;5,60;3,70;1,83;1,83;38;2;1,99;6,45;2,90;2,78;1,56;2,94;2,40;3,95;5,00;2,52;5,32;3,59;0,07;1,99;2,85;False;False;False
2014-12-28;-2,00;1,00;-0,70;4,50;0;529;4675;3,79;4826;2,00;8,00;1,77;2,63;100;3;2,01;2,17;2,54;0,71;3,61;3,94;0,87;5,77;2,17;1,45;6,98;3,65;0,10;2,01;3,27;False;False;False
2014-11-30;2,90;6,30;3,90;3,40;0;545;4648;5,49;4396;6,90;2,70;2,83;1,53;;13;2,09;6,09;3,20;3,17;;;;10,48;8,85;7,59;4,37;9,05;0,43;2,09;4,39;False;False;False
2014-11-23;1,80;8,80;4,70;1,20;0;557;4244;5,64;4197;5,80;0,20;3,63;0,68;;25;2,11;5,79;4,19;3,94;;;;15,64;7,46;11,77;3,08;12,25;0,83;2,11;5,15;False;False;False
2014-02-02;-2,50;1,40;-0,40;9,20;0;591;5273;-5,68;5234;1,50;7,60;1,47;7,33;;59;2,91;1,09;2,35;0,38;;;;4,35;1,88;10,03;9,87;5,78;1,97;2,91;5,20;False;False;False
2013-12-15;-1,40;0,60;-0,30;2,40;0;529;4973;1,12;4972;2,60;8,40;1,37;0,53;;3;3,05;1,78;3,04;0,39;;;;0,40;0,72;4,52;2,86;2,01;0,10;3,05;2,09;False;False;True
2013-12-08;0,80;7,90;3,10;1,90;0;534;5024;1,37;4879;4,80;1,10;2,03;0,02;;2;3,07;4,51;3,01;3,17;;;;0,94;3,27;2,56;1,91;2,25;0,07;3,07;1,94;False;False;True
2013-12-01;-0,20;3,10;1,50;1,50;0;544;4914;0,28;4698;3,80;5,90;0,43;0,38;;12;3,09;3,13;1,60;1,90;;;;4,60;4,47;1,24;2,42;3,28;0,40;3,09;2,44;False;False;False
